5	1.58686e-28
5.02	1.44574e-28
5.04	1.05192e-28
5.06	6.93652e-29
5.08	4.49423e-29
5.1	2.99977e-29
5.12	2.11442e-29
5.14	1.57475e-29
5.16	1.22347e-29
5.18	9.79267e-30
5.2	8.01195e-30
5.22	6.67083e-30
5.24	5.63627e-30
5.26	4.82236e-30
5.28	4.17115e-30
5.3	3.64237e-30
5.32	3.20737e-30
5.34	2.84538e-30
5.36	2.54103e-30
5.38	2.28276e-30
5.4	2.06176e-30
5.42	1.87123e-30
5.44	1.70584e-30
5.46	1.56136e-30
5.48	1.43442e-30
5.5	1.32231e-30
5.52	1.22281e-30
5.54	1.13411e-30
5.56	1.05469e-30
5.58	9.8331e-31
5.6	9.18924e-31
5.62	8.60648e-31
5.64	8.07734e-31
5.66	7.59545e-31
5.68	7.15535e-31
5.7	6.75237e-31
5.72	6.38244e-31
5.74	6.04206e-31
5.76	5.72816e-31
5.78	5.43807e-31
5.8	5.16944e-31
5.82	4.92021e-31
5.84	4.68856e-31
5.86	4.47288e-31
5.88	4.27173e-31
5.9	4.08383e-31
5.92	3.90805e-31
5.94	3.74338e-31
5.96	3.58888e-31
5.98	3.44375e-31
6	3.30724e-31
6.02	3.17868e-31
6.04	3.05747e-31
6.06	2.94306e-31
6.08	2.83495e-31
6.1	2.73268e-31
6.12	2.63585e-31
6.14	2.54407e-31
6.16	2.45699e-31
6.18	2.37431e-31
6.2	2.29574e-31
6.22	2.22099e-31
6.24	2.14984e-31
6.26	2.08205e-31
6.28	2.01742e-31
6.3	1.95574e-31
6.32	1.89686e-31
6.34	1.84059e-31
6.36	1.78678e-31
6.38	1.7353e-31
6.4	1.68602e-31
6.42	1.6388e-31
6.44	1.59354e-31
6.46	1.55012e-31
6.48	0
6.5	0
6.52	0
6.54	0
6.56	0
6.58	0
6.6	0
6.62	0
6.64	0
6.66	0
6.68	0
6.7	0
6.72	0
6.74	0
6.76	0
6.78	0
6.8	0
6.82	0
6.84	0
6.86	0
6.88	0
6.9	0
6.92	0
6.94	0
6.96	0
6.98	0
7	0
7.02	0
7.04	0
7.06	0
7.08	0
7.1	0
7.12	0
7.14	0
7.16	0
7.18	0
7.2	0
7.22	0
7.24	0
7.26	0
7.28	0
7.3	0
7.32	0
7.34	0
7.36	0
7.38	0
7.4	0
7.42	0
7.44	0
7.46	0
7.48	0
7.5	0
7.52	0
7.54	0
7.56	0
7.58	0
7.6	0
7.62	0
7.64	0
7.66	0
7.68	0
7.7	0
7.72	0
7.74	0
7.76	0
7.78	0
7.8	0
7.82	0
7.84	0
7.86	0
7.88	0
7.9	0
7.92	0
7.94	0
7.96	0
7.98	0
8	0
8.02	0
8.04	0
8.06	0
8.08	0
8.1	0
8.12	0
8.14	0
8.16	0
8.18	0
8.2	0
8.22	0
8.24	0
8.26	0
8.28	0
8.3	0
8.32	0
8.34	0
8.36	0
8.38	0
8.4	0
8.42	0
8.44	0
8.46	0
8.48	0
8.5	0
8.52	0
8.54	0
8.56	9.75998
8.58	10.0333
8.6	10.3182
8.62	10.6155
8.64	10.9257
8.66	11.2498
8.68	11.5885
8.7	11.9427
8.72	12.3134
8.74	12.7016
8.76	13.1085
8.78	13.5352
8.8	13.9831
8.82	14.4536
8.84	14.9482
8.86	15.4687
8.88	16.0167
8.9	16.5944
8.92	17.204
8.94	17.8477
8.96	18.5282
8.98	19.2483
9	20.0112
9.02	20.8203
9.04	21.6795
9.06	22.593
9.08	23.5653
9.1	24.6017
9.12	25.708
9.14	26.8905
9.16	28.1565
9.18	29.5138
9.2	30.9716
9.22	32.54
9.24	34.2305
9.26	36.0559
9.28	38.0312
9.3	40.173
9.32	42.5007
9.34	45.0364
9.36	47.8054
9.38	50.8373
9.4	54.1664
9.42	57.8328
9.44	61.8834
9.46	66.3737
9.48	71.3696
9.5	76.9497
9.52	83.2082
9.54	90.2596
9.56	98.2429
9.58	107.329
9.6	117.73
9.62	129.711
9.64	143.606
9.66	159.844
9.68	178.977
9.7	201.731
9.72	229.07
9.74	262.3
9.76	303.217
9.78	354.348
9.8	419.327
9.82	503.542
9.84	615.327
9.86	768.562
9.88	988.841
9.9	1327
9.92	1881.43
9.94	2817.29
9.96	4347.82
9.98	6597.02
10	9082.56
10.02	10000
10.04	8314.37
10.06	5775.49
10.08	3759.73
10.1	2450.52
10.12	1664.09
10.14	1196.52
10.16	905.662
10.18	711.716
10.2	574.354
10.22	472.936
10.24	395.871
10.26	335.996
10.28	288.605
10.3	250.485
10.32	219.388
10.34	193.7
10.36	172.245
10.38	154.147
10.4	138.744
10.42	125.528
10.44	114.106
10.46	104.17
10.48	95.4719
10.5	87.8161
10.52	81.0428
10.54	75.0217
10.56	69.6458
10.58	64.8262
10.6	60.4891
10.62	56.5721
10.64	53.0228
10.66	49.7968
10.68	46.8559
10.7	44.1677
10.72	41.7039
10.74	39.4404
10.76	37.356
10.78	35.4324
10.8	33.6534
10.82	32.0049
10.84	30.4746
10.86	29.0513
10.88	27.7253
10.9	26.488
10.92	25.3316
10.94	24.2493
10.96	23.2348
10.98	22.2826
11	21.3877
11.02	20.5456
11.04	19.7523
11.06	19.004
11.08	18.2974
11.1	17.6294
11.12	16.9974
11.14	16.3987
11.16	15.8311
11.18	15.2924
11.2	14.7808
11.22	14.2944
11.24	13.8316
11.26	13.3909
11.28	12.9709
11.3	12.5704
11.32	12.1881
11.34	11.823
11.36	11.4741
11.38	11.1403
11.4	10.8209
11.42	10.5151
11.44	10.222
11.46	9.94103
11.48	0
11.5	0
11.52	0
11.54	0
11.56	0
11.58	0
11.6	0
11.62	0
11.64	0
11.66	0
11.68	0
11.7	0
11.72	0
11.74	0
11.76	0
11.78	0
11.8	0
11.82	0
11.84	0
11.86	0
11.88	0
11.9	0
11.92	0
11.94	0
11.96	0
11.98	0
12	0
12.02	0
12.04	0
12.06	0
12.08	0
12.1	0
12.12	0
12.14	0
12.16	0
12.18	0
12.2	0
12.22	0
12.24	0
12.26	0
12.28	0
12.3	0
12.32	0
12.34	0
12.36	0
12.38	0
12.4	0
12.42	0
12.44	0
12.46	0
12.48	0
12.5	0
12.52	0
12.54	0
12.56	0
12.58	0
12.6	0
12.62	0
12.64	0
12.66	0
12.68	0
12.7	0
12.72	0
12.74	0
12.76	0
12.78	0
12.8	0
12.82	0
12.84	0
12.86	0
12.88	0
12.9	0
12.92	0
12.94	0
12.96	0
12.98	0
13	0
13.02	0
13.04	0
13.06	0
13.08	0
13.1	0
13.12	0
13.14	0
13.16	0
13.18	0
13.2	0
13.22	0
13.24	0
13.26	0
13.28	0
13.3	0
13.32	0
13.34	0
13.36	0
13.38	0
13.4	0
13.42	0
13.44	0
13.46	0
13.48	0
13.5	0
13.52	0
13.54	0
13.56	0
13.58	1.31906e-31
13.6	1.35568e-31
13.62	1.39384e-31
13.64	1.43364e-31
13.66	1.47517e-31
13.68	1.51852e-31
13.7	1.56382e-31
13.72	1.61117e-31
13.74	1.6607e-31
13.76	1.71255e-31
13.78	1.76687e-31
13.8	1.82381e-31
13.82	1.88355e-31
13.84	1.94627e-31
13.86	2.01218e-31
13.88	2.08148e-31
13.9	2.15443e-31
13.92	2.23128e-31
13.94	2.31231e-31
13.96	2.39784e-31
13.98	2.48819e-31
14	2.58375e-31
14.02	2.68492e-31
14.04	2.79214e-31
14.06	2.9059e-31
14.08	3.02676e-31
14.1	3.15531e-31
14.12	3.29222e-31
14.14	3.43823e-31
14.16	3.59416e-31
14.18	3.76093e-31
14.2	3.93957e-31
14.22	4.13123e-31
14.24	4.3372e-31
14.26	4.82869e-31
14.28	5.07542e-31
14.3	5.34177e-31
14.32	5.62989e-31
14.34	5.94223e-31
14.36	6.28159e-31
14.38	6.65121e-31
14.4	7.05481e-31
14.42	7.4967e-31
14.44	7.98191e-31
14.46	8.51631e-31
14.48	9.10682e-31
14.5	9.7616e-31
14.52	1.04904e-30
14.54	1.13047e-30
14.56	1.22187e-30
14.58	1.32491e-30
14.6	1.44169e-30
14.62	1.57473e-30
14.64	1.72723e-30
14.66	1.90316e-30
14.68	2.10757e-30
14.7	2.34695e-30
14.72	2.62971e-30
14.74	2.96695e-30
14.76	3.37351e-30
14.78	3.86962e-30
14.8	4.48332e-30
14.82	5.25435e-30
14.84	6.24051e-30
14.86	7.52859e-30
14.88	9.25613e-30
14.9	1.16607e-29
14.92	1.51965e-29
14.94	2.07694e-29
14.96	3.00625e-29
14.98	4.56779e-29
15	7.04654e-29
15.02	1.0428e-28
15.04	1.33963e-28
15.06	1.32223e-28
15.08	1.01085e-28
15.1	6.78563e-29
15.12	4.39919e-29
15.14	2.90849e-29
15.16	2.02374e-29
15.18	1.49211e-29
15.2	1.15347e-29
15.22	9.22635e-30
15.24	7.56916e-30
15.26	6.33835e-30
15.28	5.40285e-30
15.3	4.67972e-30
15.32	4.1139e-30
15.34	3.66784e-30
15.36	3.31552e-30
15.38	3.03883e-30
15.4	2.82532e-30
15.42	2.66684e-30
15.44	2.55878e-30
15.46	2.49973e-30
15.48	2.49172e-30
15.5	2.54083e-30
15.52	2.65876e-30
15.54	2.86586e-30
15.56	3.19812e-30
15.58	3.72386e-30
15.6	4.58058e-30
15.62	6.0364e-30
15.64	8.54383e-30
15.66	1.2691e-29
15.68	1.88318e-29
15.7	2.56825e-29
15.72	2.83027e-29
15.74	2.37007e-29
15.76	1.66435e-29
15.78	1.10051e-29
15.8	7.32719e-30
15.82	5.10732e-30
15.84	3.77947e-30
15.86	2.9471e-30
15.88	2.38693e-30
15.9	1.98597e-30
15.92	1.68641e-30
15.94	1.45578e-30
15.96	1.27403e-30
15.98	1.12797e-30
16	1.00857e-30
16.02	9.09512e-31
16.04	8.26239e-31
16.06	7.55422e-31
16.08	6.94571e-31
16.1	6.41801e-31
16.12	5.95658e-31
16.14	5.55009e-31
16.16	5.18959e-31
16.18	4.86791e-31
16.2	4.57928e-31
16.22	4.319e-31
16.24	4.08319e-31
16.26	3.86865e-31
16.28	3.6727e-31
16.3	3.49308e-31
16.32	3.32789e-31
16.34	3.1755e-31
16.36	3.03452e-31
16.38	2.90374e-31
16.4	2.78213e-31
16.42	2.66879e-31
16.44	2.56293e-31
16.46	2.46385e-31
16.48	2.37094e-31
16.5	2.28367e-31
16.52	2.20154e-31
16.54	8.43332e-32
16.56	8.03929e-32
16.58	7.67221e-32
16.6	7.32969e-32
16.62	7.00958e-32
16.64	6.70997e-32
16.66	6.42915e-32
16.68	6.16558e-32
16.7	5.91789e-32
16.72	5.68481e-32
16.74	5.46522e-32
16.76	5.25811e-32
16.78	5.06254e-32
16.8	4.87768e-32
16.82	4.70275e-32
16.84	4.53706e-32
16.86	4.37997e-32
16.88	4.2309e-32
16.9	4.0893e-32
16.92	3.95469e-32
16.94	3.82662e-32
16.96	3.70466e-32
16.98	3.58844e-32
17	3.47761e-32
17.02	3.37182e-32
17.04	3.27079e-32
17.06	3.17423e-32
17.08	3.08189e-32
17.1	2.99351e-32
17.12	2.90888e-32
17.14	2.82778e-32
17.16	2.75003e-32
17.18	0
17.2	3.52798e-32
17.22	3.62575e-32
17.24	3.72763e-32
17.26	3.83386e-32
17.28	3.94471e-32
17.3	4.06042e-32
17.32	4.1813e-32
17.34	4.30766e-32
17.36	4.43983e-32
17.38	4.57818e-32
17.4	4.72309e-32
17.42	4.87499e-32
17.44	5.03433e-32
17.46	5.2016e-32
17.48	5.37735e-32
17.5	5.56216e-32
17.52	5.75665e-32
17.54	5.96152e-32
17.56	6.17751e-32
17.58	6.40545e-32
17.6	6.64624e-32
17.62	6.90085e-32
17.64	7.17036e-32
17.66	7.45596e-32
17.68	7.75896e-32
17.7	8.08079e-32
17.72	8.42305e-32
17.74	8.78751e-32
17.76	9.17611e-32
17.78	9.59105e-32
17.8	1.00347e-31
17.82	1.05099e-31
17.84	1.10196e-31
17.86	1.15673e-31
17.88	1.21567e-31
17.9	1.27924e-31
17.92	1.34791e-31
17.94	1.42226e-31
17.96	1.50292e-31
17.98	1.59063e-31
18	1.68623e-31
18.02	1.7907e-31
18.04	1.90517e-31
18.06	2.03095e-31
18.08	2.16958e-31
18.1	2.32286e-31
18.12	2.49293e-31
18.14	2.68232e-31
18.16	2.89408e-31
18.18	3.13185e-31
18.2	3.40004e-31
18.22	3.70407e-31
18.24	4.05059e-31
18.26	4.44784e-31
18.28	4.90617e-31
18.3	5.43872e-31
18.32	6.06227e-31
18.34	6.79864e-31
18.36	7.6765e-31
18.38	8.73418e-31
18.4	1.00237e-30
18.42	1.16171e-30
18.44	1.36161e-30
18.46	1.61683e-30
18.48	1.9494e-30
18.5	2.39395e-30
18.52	3.00952e-30
18.54	3.90766e-30
18.56	5.31099e-30
18.58	7.63974e-30
18.6	1.15635e-29
18.62	1.7864e-29
18.64	1.96781
18.66	2.02237
18.68	2.07922
18.7	2.13851
18.72	2.20038
18.74	2.26496
18.76	2.33243
18.78	2.40295
18.8	2.47673
18.82	2.55395
18.84	2.63484
18.86	2.71963
18.88	2.80858
18.9	2.90196
18.92	3.00008
18.94	3.10325
18.96	3.21183
18.98	3.32622
19	3.44681
19.02	3.57409
19.04	3.70854
19.06	3.85071
19.08	4.00122
19.1	4.16071
19.12	4.32993
19.14	4.50967
19.16	4.70084
19.18	4.90441
19.2	5.12148
19.22	5.35327
19.24	5.60115
19.26	5.86662
19.28	6.15141
19.3	6.45741
19.32	6.7868
19.34	7.14202
19.36	7.52582
19.38	7.94137
19.4	8.39225
19.42	8.88257
19.44	9.41707
19.46	10.0012
19.48	10.6413
19.5	11.3447
19.52	12.1201
19.54	12.9776
19.56	13.9291
19.58	14.9889
19.6	16.174
19.62	17.5049
19.64	19.0064
19.66	20.7089
19.68	22.6497
19.7	24.8752
19.72	27.4436
19.74	30.4287
19.76	33.925
19.78	38.0553
19.8	42.9812
19.82	48.9187
19.84	56.1613
19.86	65.1154
19.88	76.3563
19.9	90.718
19.92	109.449
19.94	134.516
19.96	169.284
19.98	220.136
20	299.81
20.02	432.241
20.04	655.23
20.06	1012.13
20.08	1509.1
20.1	1975.12
20.12	2001.84
20.14	1558.31
20.16	1052.61
20.18	681.845
20.2	448.278
20.22	309.301
20.24	225.987
20.26	173.151
20.28	137.238
20.3	111.45
20.32	92.2333
20.34	77.5303
20.36	66.0423
20.38	56.9052
20.4	49.5245
20.42	43.4807
20.44	38.4719
20.46	34.2759
20.48	30.7269
20.5	27.6992
20.52	25.0959
20.54	22.8415
20.56	20.8767
20.58	19.154
20.6	17.6353
20.62	16.2899
20.64	15.0923
20.66	14.0217
20.68	13.0609
20.7	12.1953
20.72	11.4128
20.74	10.7032
20.76	10.0576
20.78	9.46858
20.8	8.92976
20.82	8.43558
20.84	7.98126
20.86	7.56263
20.88	7.17604
20.9	6.81832
20.92	6.48667
20.94	6.1786
20.96	5.89195
20.98	5.62478
21	5.37535
21.02	5.14214
21.04	4.92377
21.06	4.71901
21.08	4.52675
21.1	4.34599
21.12	4.17584
21.14	4.01548
21.16	3.86418
21.18	3.72127
21.2	3.58613
21.22	3.45822
21.24	3.33703
21.26	3.22209
21.28	3.11299
21.3	3.00934
21.32	2.91077
21.34	2.81697
21.36	2.72762
21.38	2.64246
21.4	8.31775
21.42	8.40028
21.44	8.49305
21.46	8.59624
21.48	8.71007
21.5	8.83482
21.52	8.9708
21.54	9.11838
21.56	9.27796
21.58	9.45002
21.6	7.71492
21.62	7.96406
21.64	8.22545
21.66	8.49992
21.68	8.78834
21.7	9.0917
21.72	9.41102
21.74	9.74746
21.76	10.1023
21.78	10.4768
21.8	10.8725
21.82	11.291
21.84	11.7342
21.86	12.2039
21.88	12.7025
21.9	13.2321
21.92	13.7956
21.94	14.3958
21.96	15.036
21.98	15.7198
22	16.4514
22.02	17.2351
22.04	18.0761
22.06	18.9801
22.08	19.9536
22.1	21.0039
22.12	22.1392
22.14	23.3689
22.16	24.7038
22.18	26.1562
22.2	27.7403
22.22	29.4725
22.24	31.3718
22.26	33.4604
22.28	35.7642
22.3	38.3136
22.32	41.145
22.34	44.3011
22.36	47.8336
22.38	51.8044
22.4	56.2889
22.42	61.3794
22.44	67.1896
22.46	73.8609
22.48	81.5714
22.5	90.5472
22.52	101.079
22.54	113.545
22.56	128.444
22.58	146.448
22.6	168.469
22.62	195.78
22.64	230.187
22.66	274.33
22.68	332.191
22.7	410.137
22.72	519.311
22.74	681.228
22.76	938.715
22.78	1370
22.8	2092.35
22.82	3225.16
22.84	4722.81
22.86	5906.02
22.88	5621.56
22.9	4196.9
22.92	2791.35
22.94	1806.87
22.96	1197.89
22.98	836.835
23	618.435
23.02	477.819
23.04	380.943
23.06	310.733
23.08	258.081
23.1	217.599
23.12	185.84
23.14	160.492
23.16	139.953
23.18	123.089
23.2	109.079
23.22	97.3169
23.24	87.3495
23.26	78.8311
23.28	71.4951
23.3	65.1333
23.32	59.5812
23.34	54.7074
23.36	50.4062
23.38	46.5916
23.4	43.1929
23.42	40.1521
23.44	37.4207
23.46	34.9581
23.48	32.7304
23.5	30.7086
23.52	28.8682
23.54	27.1881
23.56	25.6503
23.58	24.2392
23.6	22.9412
23.62	21.7446
23.64	20.6391
23.66	19.6158
23.68	18.6666
23.7	17.7845
23.72	16.9635
23.74	16.198
23.76	15.4831
23.78	14.8145
23.8	14.1882
23.82	13.6008
23.84	13.0491
23.86	12.5303
23.88	12.0418
23.9	11.5812
23.92	11.1466
23.94	10.736
23.96	10.3476
23.98	9.97997
24	9.63154
24.02	9.30103
24.04	8.98724
24.06	8.68905
24.08	8.40545
24.1	8.13551
24.12	7.87836
24.14	7.6332
24.16	7.39931
24.18	7.17599
24.2	6.96264
24.22	6.75865
24.24	6.5635
24.26	6.37667
24.28	6.19771
24.3	6.02617
24.32	5.86165
24.34	6.04728e-30
24.36	7.69457e-30
24.38	1.02098e-29
24.4	1.43164e-29
24.42	2.12375e-29
24.44	3.25733e-29
24.46	4.93252e-29
24.48	6.81649e-29
24.5	7.58221e-29
24.52	6.37433e-29
24.54	4.46523e-29
24.56	2.93128e-29
24.58	1.93179e-29
24.6	1.33214e-29
24.62	9.77827e-30
24.64	7.59986e-30
24.66	6.17165e-30
24.68	5.18294e-30
24.7	4.47561e-30
24.72	3.96176e-30
24.74	3.58793e-30
24.76	3.31974e-30
24.78	3.13466e-30
24.8	3.01797e-30
24.82	2.96043e-30
24.84	2.95694e-30
24.86	3.00576e-30
24.88	3.10823e-30
24.9	3.2689e-30
24.92	3.49597e-30
24.94	3.80225e-30
24.96	4.20687e-30
24.98	4.73791e-30
25	5.43698e-30
25.02	6.36693e-30
25.04	7.62688e-30
25.06	9.38567e-30
25.08	1.19614e-29
25.1	1.5989e-29
25.12	2.26749e-29
25.14	3.39631e-29
25.16	5.21769e-29
25.18	7.80248e-29
25.2	1.03723e-28
25.22	1.07925e-28
25.24	8.57826e-29
25.26	5.85759e-29
25.28	3.81829e-29
25.3	2.5235e-29
25.32	1.7529e-29
25.34	1.29457e-29
25.36	1.00841e-29
25.38	8.18318e-30
25.4	6.86412e-30
25.42	5.93507e-30
25.44	5.29315e-30
25.46	4.88496e-30
25.48	4.69524e-30
25.5	4.75391e-30
25.52	5.16235e-30
25.54	3.72462
25.56	3.82794
25.58	3.93563
25.6	4.04792
25.62	4.16508
25.64	4.2874
25.66	4.41519
25.68	4.54878
25.7	4.68852
25.72	4.83479
25.74	4.98801
25.76	5.14864
25.78	5.31714
25.8	5.49404
25.82	5.67992
25.84	5.87539
25.86	6.08112
25.88	6.29784
25.9	6.52635
25.92	6.76751
25.94	7.02228
25.96	7.29171
25.98	7.57692
26	7.8792
26.02	8.19991
26.04	8.54059
26.06	8.90293
26.08	9.2888
26.1	9.7003
26.12	10.1397
26.14	10.6097
26.16	11.113
26.18	11.653
26.2	12.2332
26.22	12.8579
26.24	13.5316
26.26	14.2595
26.28	15.0478
26.3	15.9031
26.32	16.8333
26.34	17.8475
26.36	18.9559
26.38	20.1707
26.4	21.5058
26.42	22.9777
26.44	24.6056
26.46	26.4123
26.48	28.425
26.5	30.6759
26.52	33.2043
26.54	36.0573
26.56	39.2928
26.58	42.9821
26.6	47.2137
26.62	52.0985
26.64	57.7775
26.66	64.4313
26.68	72.2946
26.7	81.6763
26.72	92.9896
26.74	106.797
26.76	123.877
26.78	145.333
26.8	172.766
26.82	208.579
26.84	256.563
26.86	323.235
26.88	420.998
26.9	574.601
26.92	830.33
26.94	1260.6
26.96	1946.83
26.98	2894.01
27	3757.47
27.02	3763.78
27.04	2905.63
27.06	1956.39
27.08	1266.88
27.1	834.116
27.12	576.842
27.14	422.379
27.16	324.148
27.18	257.206
27.2	209.052
27.22	173.124
27.24	145.61
27.26	124.096
27.28	106.972
27.3	93.1326
27.32	81.7942
27.34	72.3929
27.36	64.5142
27.38	57.8479
27.4	52.1588
27.42	47.2658
27.44	43.0274
27.46	39.3324
27.48	36.0921
27.5	33.2351
27.52	30.7033
27.54	28.4494
27.56	26.4342
27.58	24.6253
27.6	22.9954
27.62	21.5219
27.64	20.1853
27.66	18.9692
27.68	17.8596
27.7	16.8445
27.72	15.9133
27.74	15.0572
27.76	14.2682
27.78	13.5396
27.8	12.8653
27.82	12.2402
27.84	11.6594
27.86	11.119
27.88	10.6152
27.9	10.1449
27.92	9.70517
27.94	9.29338
27.96	8.90722
27.98	8.54462
28	8.2037
28.02	7.88277
28.04	7.58029
28.06	7.29489
28.08	7.02529
28.1	6.77035
28.12	6.52904
28.14	6.30039
28.16	6.08354
28.18	5.87769
28.2	5.68211
28.22	5.49613
28.24	5.31912
28.26	5.15052
28.28	4.98981
28.3	4.83651
28.32	4.69016
28.34	4.55034
28.36	4.41669
28.38	4.28884
28.4	4.16645
28.42	4.04923
28.44	3.93689
28.46	3.82915
28.48	3.72578
28.5	2.73605e-64
28.52	2.81893e-64
28.54	2.90563e-64
28.56	2.99639e-64
28.58	3.09147e-64
28.6	3.19114e-64
28.62	3.29571e-64
28.64	3.4055e-64
28.66	3.52087e-64
28.68	3.64219e-64
28.7	3.7699e-64
28.72	3.90443e-64
28.74	4.0463e-64
28.76	1.71673e-31
28.78	1.76528e-31
28.8	1.81592e-31
28.82	1.86876e-31
28.84	1.92394e-31
28.86	1.98161e-31
28.88	2.0419e-31
28.9	2.10499e-31
28.92	0.701752
28.94	0.721551
28.96	0.7422
28.98	0.763748
29	0.786248
29.02	0.809756
29.04	0.834335
29.06	0.860048
29.08	0.886969
29.1	0.915173
29.12	0.944743
29.14	0.975769
29.16	1.00835
29.18	1.04258
29.2	1.07859
29.22	1.1165
29.24	1.15644
29.26	1.19856
29.28	1.24302
29.3	1.29
29.32	1.3397
29.34	1.39232
29.36	1.4481
29.38	1.50729
29.4	1.57019
29.42	1.6371
29.44	1.70839
29.46	1.78442
29.48	1.86564
29.5	1.95253
29.52	2.04562
29.54	2.14553
29.56	2.25293
29.58	2.36859
29.6	2.49337
29.62	2.62827
29.64	2.7744
29.66	2.93304
29.68	3.10567
29.7	3.29396
29.72	3.49988
29.74	3.72568
29.76	3.97401
29.78	4.24795
29.8	4.55115
29.82	4.88791
29.84	5.26336
29.86	5.68364
29.88	6.15615
29.9	6.68988
29.92	7.29585
29.94	7.98762
29.96	8.7821
29.98	9.70057
30	10.77
30.02	12.0253
30.04	13.5115
30.06	15.2886
30.08	17.4367
30.1	20.0654
30.12	23.3273
30.14	27.4393
30.16	32.7184
30.18	39.6439
30.2	48.9841
30.22	62.0886
30.24	81.5703
30.26	112.625
30.28	164.695
30.3	253.056
30.32	389.185
30.34	567.395
30.36	703.504
30.38	662.89
30.4	492.202
30.42	327.184
30.44	212.385
30.46	141.582
30.48	99.639
30.5	74.2472
30.52	57.8789
30.54	46.5979
30.56	38.4292
30.58	32.3157
30.6	27.6299
30.62	23.9698
30.64	21.0651
30.66	18.729
30.68	16.8288
30.7	15.2688
30.72	13.9783
30.74	12.9045
30.76	12.0073
30.78	11.2559
30.8	10.6265
30.82	10.1003
30.84	9.66261
30.86	9.30181
30.88	9.00864
30.9	8.77579
30.92	8.59751
30.94	8.46936
30.96	8.38797
30.98	8.35093
31	8.35664
31.02	8.40426
31.04	8.49369
31.06	8.62551
31.08	8.80098
31.1	9.02214
31.12	9.29179
31.14	9.61361
31.16	9.99227
31.18	10.4336
31.2	10.9449
31.22	11.5348
31.24	12.2144
31.26	12.9968
31.28	13.8985
31.3	14.9397
31.32	16.1456
31.34	17.548
31.36	19.1868
31.38	21.1134
31.4	23.3939
31.42	26.115
31.44	29.3921
31.46	33.3805
31.48	38.2938
31.5	44.4314
31.52	52.2223
31.54	62.2991
31.56	75.6323
31.58	93.8158
31.6	119.74
31.62	159.109
31.64	223.1
31.66	331.043
31.68	509.265
31.7	777.561
31.72	1095.19
31.74	1259.42
31.76	1090.9
31.78	772.954
31.8	505.901
31.82	328.85
31.84	221.005
31.86	157.461
31.88	118.321
31.9	92.5092
31.92	76.5455
31.94	63.2951
31.96	53.2843
31.98	45.549
32	39.4603
32.02	34.5916
32.04	30.645
32.06	27.4081
32.08	24.726
32.1	22.4841
32.12	20.5959
32.14	18.9955
32.16	17.6318
32.18	16.465
32.2	15.4634
32.22	14.6019
32.24	13.8603
32.26	13.2221
32.28	12.674
32.3	12.2051
32.32	11.8064
32.34	11.4707
32.36	11.1918
32.38	10.965
32.4	10.7861
32.42	10.6519
32.44	10.56
32.46	12.5695
32.48	12.6151
32.5	12.7014
32.52	12.828
32.54	12.9953
32.56	13.204
32.58	13.4552
32.6	13.7506
32.62	14.0924
32.64	14.4833
32.66	14.9266
32.68	15.4266
32.7	15.9881
32.72	16.6168
32.74	17.3196
32.76	18.1047
32.78	18.9818
32.8	19.9622
32.82	21.0598
32.84	22.2907
32.86	23.6746
32.88	25.2352
32.9	27.0015
32.92	29.0087
32.94	31.3006
32.96	33.9314
32.98	36.9697
33	40.5025
33.02	44.6417
33.04	49.5333
33.06	55.3702
33.08	62.4117
33.1	71.0124
33.12	81.6666
33.14	95.0799
33.16	112.286
33.18	134.858
33.2	164.124
33.22	207.09
33.24	271.378
33.26	374.526
33.28	547.711
33.3	835.48
33.32	1277.52
33.34	1831.75
33.36	2194.15
33.38	1987.88
33.4	1446.38
33.42	959.719
33.44	629.896
33.46	429.214
33.48	311.302
33.5	240.427
33.52	195.39
33.54	165.301
33.56	144.733
33.58	130.82
33.6	121.932
33.62	117.138
33.64	115.973
33.66	118.336
33.68	124.475
33.7	135.04
33.72	151.228
33.74	175.141
33.76	210.625
33.78	265.269
33.8	354.274
33.82	505.33
33.84	759.593
33.86	1157.96
33.88	1679.93
33.9	2077.83
33.92	1956.55
33.94	1453.96
33.96	968.502
33.98	630.638
34	421.986
34.02	298.091
34.04	222.812
34.06	174.054
34.08	140.262
34.1	115.636
34.12	97.0684
34.14	82.7149
34.16	71.3907
34.18	62.2992
34.2	54.8884
34.22	48.7659
34.24	43.6474
34.26	39.3228
34.28	35.6341
34.3	32.461
34.32	29.7103
34.34	27.3091
34.36	25.1995
34.38	23.3354
34.4	21.6794
34.42	20.201
34.44	18.8751
34.46	17.6811
34.48	16.6016
34.5	15.6222
34.52	14.7305
34.54	13.9161
34.56	13.1702
34.58	12.4851
34.6	11.8542
34.62	11.2718
34.64	10.7329
34.66	10.2332
34.68	9.76893
34.7	9.33669
34.72	8.93356
34.74	8.5569
34.76	8.2044
34.78	7.87399
34.8	7.56381
34.82	7.2722
34.84	4.92946
34.86	4.72553
34.88	4.53399
34.9	4.35385
34.92	4.18422
34.94	4.02432
34.96	3.8734
34.98	3.73081
35	3.59594
35.02	3.46825
35.04	3.34724
35.06	3.23246
35.08	3.12347
35.1	3.0199
35.12	2.92139
35.14	2.82763
35.16	2.7383
35.18	2.65314
35.2	2.57189
35.22	2.49431
35.24	2.42019
35.26	2.34933
35.28	2.28153
35.3	2.21662
35.32	2.15444
35.34	2.09484
35.36	2.03768
35.38	2.05701e-29
35.4	1.62838e-29
35.42	1.44359e-29
35.44	1.42725e-29
35.46	1.56137e-29
35.48	1.88893e-29
35.5	2.52114e-29
35.52	3.63023e-29
35.54	5.3753e-29
35.56	7.59724e-29
35.58	9.10764e-29
35.6	8.39571e-29
35.62	6.25835e-29
35.64	4.23368e-29
35.66	2.82225e-29
35.68	1.95321e-29
35.7	1.44238e-29
35.72	1.14017e-29
35.74	9.55759e-30
35.76	8.42511e-30
35.78	7.786e-30
35.8	7.55043e-30
35.82	7.71044e-30
35.84	8.34548e-30
35.86	9.67257e-30
35.88	1.21839e-29
35.9	1.6706e-29
35.92	2.43439e-29
35.94	3.58026e-29
35.96	4.88131e-29
35.98	5.41648e-29
36	4.57098e-29
36.02	3.22348e-29
36.04	2.13502e-29
36.06	1.42157e-29
36.08	9.89679e-30
36.1	7.30949e-30
36.12	5.68698e-30
36.14	4.59502e-30
36.16	3.81332e-30
36.18	3.22922e-30
36.2	2.77963e-30
36.22	2.42556e-30
36.24	2.14138e-30
36.26	1.90954e-30
36.28	1.71774e-30
36.3	1.55711e-30
36.32	1.42114e-30
36.34	1.305e-30
36.36	1.205e-30
36.38	1.1183e-30
36.4	1.04271e-30
36.42	1.49827
36.44	1.54061
36.46	1.58477
36.48	1.63086
36.5	1.67898
36.52	1.72927
36.54	1.78185
36.56	1.83686
36.58	1.89446
36.6	1.95481
36.62	2.01809
36.64	2.08449
36.66	2.15422
36.68	2.22751
36.7	2.3046
36.72	2.38575
36.74	2.47127
36.76	2.56147
36.78	2.65669
36.8	2.75732
36.82	2.86378
36.84	2.97651
36.86	3.09603
36.88	3.22289
36.9	3.3577
36.92	3.50114
36.94	3.65396
36.96	3.817
36.98	3.99119
37	4.17757
37.02	4.3773
37.04	4.59168
37.06	4.82219
37.08	5.07047
37.1	5.33841
37.12	5.62812
37.14	5.94204
37.16	6.28293
37.18	6.65395
37.2	7.05878
37.22	7.50163
37.24	7.9874
37.26	8.52181
37.28	9.11158
37.3	9.76458
37.32	10.4902
37.34	11.2995
37.36	12.2058
37.38	13.2254
37.4	14.3777
37.42	15.6867
37.44	17.1821
37.46	18.9008
37.48	20.8893
37.5	23.2067
37.52	25.9292
37.54	29.1563
37.56	33.0194
37.58	37.6954
37.6	43.4262
37.62	50.5494
37.64	59.5469
37.66	71.1243
37.68	86.3551
37.7	106.974
37.72	136.067
37.74	179.656
37.76	249.665
37.78	367.384
37.8	563.468
37.82	865.872
37.84	1248.44
37.86	1506.65
37.88	1373.72
37.9	999.939
37.92	659.466
37.94	427.263
37.96	285.15
37.98	200.959
38	149.647
38.02	116.255
38.04	93.0437
38.06	76.1205
38.08	63.3759
38.1	53.5451
38.12	45.8115
38.14	39.624
38.16	34.6
38.18	30.4672
38.2	27.0281
38.22	24.1366
38.24	21.683
38.26	19.5836
38.28	17.7736
38.3	16.2025
38.32	14.83
38.34	13.6242
38.36	12.5593
38.38	11.6142
38.4	10.7715
38.42	10.0172
38.44	9.33918
38.46	8.72761
38.48	8.17407
38.5	7.67148
38.52	7.21376
38.54	6.79575
38.56	6.41299
38.58	6.06163
38.6	5.73834
38.62	5.44019
38.64	5.16467
38.66	4.90953
38.68	4.67282
38.7	4.4528
38.72	4.24795
38.74	4.0569
38.76	3.87844
38.78	3.7115
38.8	3.55509
38.82	3.40836
38.84	3.27052
38.86	3.14087
38.88	3.01878
38.9	2.90366
38.92	2.795
38.94	2.69232
38.96	2.59519
38.98	2.50322
39	2.41606
39.02	2.33336
39.04	2.25484
39.06	2.18021
39.08	2.10923
39.1	2.04165
39.12	1.97727
39.14	1.91589
39.16	1.85731
39.18	1.80139
39.2	1.74795
39.22	1.69685
39.24	1.64796
39.26	1.60115
39.28	1.55631
39.3	1.51332
39.32	1.47209
39.34	5.93197e-31
39.36	5.5876e-31
39.38	5.27668e-31
39.4	4.99473e-31
39.42	0.291614
39.44	0.299777
39.46	0.308288
39.48	0.317166
39.5	0.326433
39.52	0.336112
39.54	0.346228
39.56	0.356808
39.58	0.367879
39.6	0.379474
39.62	0.391625
39.64	0.404369
39.66	0.417745
39.68	0.431796
39.7	0.446567
39.72	0.462109
39.74	0.478476
39.76	0.495727
39.78	0.513928
39.8	0.533149
39.82	0.553468
39.84	0.574971
39.86	0.59775
39.88	0.621909
39.9	0.647561
39.92	0.674833
39.94	0.703862
39.96	0.734804
39.98	0.76783
40	0.803131
40.02	0.840921
40.04	0.881438
40.06	0.924952
40.08	0.971766
40.1	1.02222
40.12	1.0767
40.14	1.13565
40.16	1.19957
40.18	1.26903
40.2	1.34469
40.22	1.42732
40.24	1.51778
40.26	1.6171
40.28	1.72647
40.3	1.8473
40.32	1.98124
40.34	2.13024
40.36	2.29666
40.38	2.48329
40.4	2.69353
40.42	2.93154
40.44	3.2024
40.46	3.51242
40.48	3.86946
40.5	4.2835
40.52	4.76725
40.54	5.33715
40.56	6.01476
40.58	6.82873
40.6	7.8178
40.62	9.03532
40.64	10.5562
40.66	12.4883
40.68	14.9911
40.7	18.3114
40.72	22.8589
40.74	29.388
40.76	39.3952
40.78	55.7832
40.8	83.4453
40.82	128.748
40.84	195.558
40.86	270.152
40.88	299.274
40.9	250.192
40.92	174.231
40.94	114.53
40.96	75.0017
40.98	51.2476
41	37.1447
41.02	28.3975
41.04	22.5861
41.06	18.4865
41.08	15.4731
41.1	13.1954
41.12	11.4373
41.14	10.0569
41.16	8.95757
41.18	8.07169
41.2	7.35088
41.22	6.75985
41.24	6.27243
41.26	5.86891
41.28	5.53427
41.3	5.25689
41.32	5.02773
41.34	4.8397
41.36	4.68717
41.38	4.56569
41.4	4.47172
41.42	4.40246
41.44	4.35569
41.46	4.32968
41.48	4.32312
41.5	4.33506
41.52	4.36485
41.54	4.4121
41.56	4.47671
41.58	4.55879
41.6	4.6587
41.62	4.77703
41.64	4.91463
41.66	5.07258
41.68	5.25227
41.7	5.45538
41.72	5.68395
41.74	5.94041
41.76	6.22765
41.78	6.54913
41.8	6.90891
41.82	7.31185
41.84	7.76372
41.86	8.27142
41.88	8.84324
41.9	9.48917
41.92	10.2213
41.94	11.0545
41.96	12.007
41.98	13.1014
42	14.366
42.02	15.8366
42.04	17.5591
42.06	19.5927
42.08	22.0152
42.1	24.93
42.12	28.4772
42.14	32.8496
42.16	38.3185
42.18	45.2744
42.2	54.2963
42.22	66.281
42.24	82.7241
42.26	106.388
42.28	142.76
42.3	202.452
42.32	303.218
42.34	467.557
42.36	708.878
42.38	973.55
42.4	1067.15
42.42	883.83
42.44	612.858
42.46	398.799
42.48	260.032
42.5	176.73
42.52	127.187
42.54	96.3371
42.56	75.7438
42.58	61.147
42.6	50.3641
42.62	42.1672
42.64	35.7967
42.66	30.753
42.68	26.6952
42.7	23.3841
42.72	20.6486
42.74	18.3635
42.76	16.4355
42.78	14.7944
42.8	13.3863
42.82	12.1691
42.84	11.1101
42.86	10.1831
42.88	9.36702
42.9	8.64497
42.92	8.00306
42.94	7.42989
42.96	6.91602
42.98	6.45354
43	6.03585
43.02	5.65736
43.04	5.31332
43.06	5.91629
43.08	5.65555
43.1	5.41987
43.12	5.20673
43.14	5.01394
43.16	4.83962
43.18	4.68214
43.2	4.54008
43.22	4.4122
43.24	4.29743
43.26	4.19486
43.28	4.10366
43.3	4.02315
43.32	3.95272
43.34	3.89189
43.36	3.8402
43.38	3.79733
43.4	3.76298
43.42	3.73693
43.44	3.71902
43.46	3.70917
43.48	3.70732
43.5	3.7135
43.52	3.72778
43.54	3.75029
43.56	3.78124
43.58	3.82089
43.6	3.86956
43.62	3.92766
43.64	3.99568
43.66	4.07419
43.68	4.16387
43.7	4.26552
43.72	4.38005
43.74	4.50852
43.76	4.65217
43.78	4.81242
43.8	4.9909
43.82	5.18954
43.84	5.41056
43.86	4.62402
43.88	4.92558
43.9	5.25756
43.92	5.62418
43.94	6.03042
43.96	6.48218
43.98	6.9865
44	7.55185
44.02	8.18842
44.04	8.90867
44.06	10.1533
44.08	11.1023
44.1	12.1933
44.12	13.4561
44.14	14.9286
44.16	16.66
44.18	18.7145
44.2	21.1773
44.22	24.1635
44.24	27.8312
44.26	32.4019
44.28	38.1935
44.3	45.6747
44.32	55.5663
44.34	69.0546
44.36	88.2984
44.38	117.564
44.4	165.193
44.42	245.529
44.44	377.905
44.46	576.255
44.48	808.072
44.5	921.32
44.52	791.428
44.54	558.583
44.56	365.386
44.58	237.878
44.6	160.851
44.62	115.176
44.64	87.0098
44.66	68.4153
44.68	55.3534
44.7	45.7727
44.72	38.5369
44.74	32.9511
44.76	28.5621
44.78	25.0617
44.8	22.2354
44.82	19.93
44.84	18.0343
44.86	16.4662
44.88	15.1643
44.9	14.0823
44.92	13.1847
44.94	12.4446
44.96	11.8416
44.98	11.3603
45	10.9895
45.02	10.7217
45.04	10.5523
45.06	10.4802
45.08	10.5068
45.1	10.637
45.12	10.8795
45.14	11.2473
45.16	11.759
45.18	12.4405
45.2	13.3275
45.22	14.4696
45.24	15.9356
45.26	18.5918
45.28	21.0624
45.3	24.3029
45.32	28.6306
45.34	34.5642
45.36	43.0369
45.38	55.8834
45.4	76.7178
45.42	111.881
45.44	170.228
45.46	259.074
45.48	367.54
45.5	431.28
45.52	382.143
45.54	274.57
45.56	181.182
45.58	118.538
45.6	80.4477
45.62	57.8758
45.64	44.0412
45.66	34.9751
45.68	28.6423
45.7	24.0148
45.72	20.5296
45.74	17.8461
45.76	15.743
45.78	14.0708
45.8	12.7253
45.82	11.6324
45.84	10.7385
45.86	10.004
45.88	9.39924
45.9	8.90182
45.92	8.49465
45.94	8.16459
45.96	7.01179
45.98	6.83188
46	6.70446
46.02	6.62522
46.04	6.59115
46.06	6.60033
46.08	6.65184
46.1	6.74567
46.12	6.8827
46.14	7.06474
46.16	7.29459
46.18	7.5761
46.2	7.91439
46.22	8.31601
46.24	8.78928
46.26	9.34466
46.28	9.99531
46.3	10.7578
46.32	11.6533
46.34	12.7084
46.36	13.9578
46.38	15.4463
46.4	17.2331
46.42	19.3973
46.44	22.0462
46.46	25.3284
46.48	29.4534
46.5	34.7243
46.52	41.5928
46.54	50.7646
46.56	63.4335
46.58	81.8364
46.6	110.434
46.62	157.728
46.64	237.517
46.66	366.532
46.68	550.787
46.7	737.688
46.72	775.253
46.74	620.222
46.76	423.759
46.78	275.102
46.8	180.29
46.82	123.674
46.84	89.8686
46.86	68.6074
46.88	54.2691
46.9	44.0293
46.92	36.4256
46.94	30.6223
46.96	25.6812
46.98	22.0984
47	19.2096
47.02	16.8479
47.04	14.8934
47.06	13.2582
47.08	11.8767
47.1	10.6993
47.12	9.68789
47.14	8.8128
47.16	8.05069
47.18	7.38297
47.2	6.79474
47.22	6.27389
47.24	5.81055
47.26	5.39657
47.28	5.0252
47.3	4.6908
47.32	4.38863
47.34	4.11468
47.36	3.86556
47.38	3.63836
47.4	3.43058
47.42	3.24008
47.44	3.06499
47.46	2.9037
47.48	2.75479
47.5	2.61704
47.52	2.48936
47.54	2.37079
47.56	2.26048
47.58	2.15769
47.6	2.06174
47.62	1.97205
47.64	1.88808
47.66	1.80936
47.68	1.73546
47.7	1.66599
47.72	1.6006
47.74	1.53899
47.76	1.48086
47.78	1.42597
47.8	1.37407
47.82	1.32495
47.84	1.27842
47.86	1.23429
47.88	1.19241
47.9	1.15262
47.92	1.11479
47.94	1.07879
47.96	1.04451
47.98	1.01184
48	0.980669
48.02	0.95092
48.04	0.922504
48.06	0.895342
48.08	0.869362
48.1	0.844496
48.12	0.820681
48.14	0.797859
48.16	0.775976
48.18	0.754981
48.2	2.99644e-29
48.22	2.67763e-29
48.24	2.22848e-29
48.26	1.9721e-29
48.28	1.97607e-29
48.3	2.26535e-29
48.32	2.9286e-29
48.34	4.1618e-29
48.36	6.24145e-29
48.38	9.32656e-29
48.4	1.27353e-28
48.42	1.40089e-28
48.44	1.17599e-28
48.46	8.26306e-29
48.48	5.42298e-29
48.5	3.55722e-29
48.52	2.42912e-29
48.54	1.7388e-29
48.56	1.32018e-29
48.58	1.0413e-29
48.6	8.43878e-30
48.62	6.98052e-30
48.64	5.87132e-30
48.66	5.00852e-30
48.68	4.3248e-30
48.7	3.77429e-30
48.72	3.32483e-30
48.74	2.95338e-30
48.76	0.604863
48.78	0.62183
48.8	0.63952
48.82	0.657976
48.84	0.677243
48.86	0.697368
48.88	0.718403
48.9	0.740403
48.92	0.76343
48.94	0.787547
48.96	0.812825
48.98	0.839338
49	0.86717
49.02	0.896408
49.04	0.92715
49.06	0.9595
49.08	0.993571
49.1	1.02949
49.12	1.06739
49.14	1.10742
49.16	1.14974
49.18	1.19454
49.2	1.242
49.22	1.29235
49.24	1.34581
49.26	1.40267
49.28	1.4632
49.3	1.52773
49.32	1.59662
49.34	1.67027
49.36	1.74913
49.38	1.8337
49.4	1.92455
49.42	2.02232
49.44	2.12772
49.46	2.24156
49.48	2.36478
49.5	2.49843
49.52	2.64371
49.54	2.80202
49.56	2.97496
49.58	3.16439
49.6	3.37245
49.62	3.60168
49.64	3.85504
49.66	4.13602
49.68	4.44879
49.7	4.7983
49.72	5.19053
49.74	5.6327
49.76	6.13363
49.78	6.70415
49.8	7.35772
49.82	8.11118
49.84	8.98582
49.86	10.0089
49.88	11.2158
49.9	12.6528
49.92	14.3817
49.94	16.4864
49.96	19.0824
49.98	22.3329
50	26.4731
